ID,Time,Sex,Age,Weight,PrExp,Ketamine,Isoflurane,NormalizedTotalKetamineIsoflurane,DexdomitorandAtipamezole,SexKetamine,SexIsoflurane,KetamineDexdomitorAtipamezole,SexKetamineDexdomitorAtipamezole,01_cst_r_frontal,02_opt_r,03_optr_r_inferior,04_opt_l,05_optr_l_superior,06_cc3v,07_ccg_32,08_fornix_r,09_cst_l_frontal,10_cc5v,11_icp_r,12_scp_r,13_cc1d,14_cst_l_parietal,15_cg_r,16_cc3d,17_uf_l_lateral,18_cc_tapetum_inf,19_uf_r_lateral,20_ilf_l,21_ilf_r,22_cc1v,23_ccs,24_scp_l,25_ccg_ant,26_icp_l,27_uf_r_medial,28_cc_tapetum_sup,29_optr_r_superior,30_cg_l,31_uf_l_medial,32_cc4d,33_optr_l_inferior,34_cst_r_parietal,35_fornix_l
1,12,1,360,1.9,0,0,0,0,0,0,0,0,0,0.52708,0.39976,0.47913,0.37972,0.4797,0.53294,0.33051,0.400978571,0.53501,0.51319,0.36382,0.4297,0.46716,0.55105,0.4055,0.4726,0.429,0.360428583,0.40243,0.41546,0.41749,0.5072,0.49802,0.42454,0.45235,0.36475,0.34794,0.305375714,0.50672,0.39738,0.36415,0.3936,0.45452,0.52654,0.387385
1,16,1,493,2.6,1,20,0,2,0.165,20,0,20.165,20.165,0.54577,0.3957,0.48197,0.38256,0.49709,0.55551,0.33251,0.401912857,0.55162,0.52978,0.3471,0.42325,0.48277,0.55824,0.4389,0.48953,0.41158,0.363179,0.39944,0.42543,0.42872,0.51193,0.51231,0.4218,0.44969,0.36998,0.34775,0.313762653,0.50991,0.44369,0.362,0.40786,0.47145,0.53742,0.3981325
1,20,1,605,2.76,2,35,0,3.5,0.33,35,0,35.33,35.33,0.52855,0.38811,0.47879,0.36113,0.48902,0.55355,0.33404,0.40109,0.53676,0.53405,0.34546,0.44128,0.4893,0.54159,0.41088,0.48333,0.41873,0.340274667,0.40066,0.41388,0.42602,0.52415,0.51475,0.43579,0.46099,0.36288,0.35272,0.30429449,0.50383,0.42512,0.36286,0.42355,0.46471,0.52019,0.387657083
1,24,1,758,3.16,3,50,0,5,0.495,50,0,50.495,50.495,0.54293,0.38151,0.47747,0.36762,0.4926,0.55976,0.33077,0.408912857,0.54559,0.53528,0.32638,0.42427,0.49254,0.54716,0.45108,0.49282,0.41494,0.353198417,0.41139,0.42032,0.43226,0.52544,0.51616,0.43602,0.46155,0.37292,0.35837,0.307057551,0.50899,0.43286,0.36858,0.43284,0.46793,0.52816,0.390295417
1,28,1,863,3.4,4,65,0,6.5,0.66,65,0,65.66,65.66,0.54526,0.38611,0.49136,0.36885,0.49692,0.5767,0.33097,0.400152857,0.54272,0.54434,0.3543,0.43859,0.50581,0.54737,0.4344,0.50051,0.42596,0.353750917,0.40814,0.42782,0.43997,0.53784,0.52834,0.43336,0.46594,0.37364,0.36913,0.306470816,0.51882,0.43537,0.37061,0.43835,0.47242,0.52982,0.398831667
2,12,0,363,2.22,0,0,0,0,0,0,0,0,0,0.53068,0.38566,0.47337,0.35576,0.49137,0.53669,0.29495,0.416095714,0.52743,0.50319,0.35497,0.42973,0.46449,0.52039,0.37922,0.45087,0.4148,0.337626,0.37632,0.41955,0.42405,0.5255,0.50665,0.42469,0.40295,0.3896,0.27482,0.324197551,0.50796,0.36256,0.28121,0.35851,0.46596,0.5147,0.40311
2,16,0,496,2.66,1,30,0,3,0.18,0,0,30.18,0,0.54885,0.39135,0.49509,0.36559,0.51061,0.55148,0.28223,0.43527,0.53711,0.51412,0.40528,0.44384,0.4729,0.53487,0.41145,0.45535,0.41471,0.3278205,0.37588,0.43875,0.45904,0.52531,0.52152,0.44658,0.39809,0.4289,0.26189,0.330926531,0.51689,0.39423,0.26793,0.36349,0.49045,0.53246,0.410615
2,20,0,608,2.8,2,45,0,4.5,0.345,0,0,45.345,0,0.54521,0.39392,0.4915,0.36249,0.51232,0.56018,0.29388,0.427155714,0.55216,0.51897,0.41537,0.44509,0.47933,0.54084,0.40474,0.46992,0.42766,0.337597417,0.38685,0.4416,0.44713,0.54458,0.52583,0.43334,0.40925,0.40078,0.29025,0.325869184,0.51856,0.37721,0.29809,0.37111,0.48777,0.52984,0.415841667
2,24,0,761,3.36,3,60,0,6,0.51,0,0,60.51,0,0.55093,0.38099,0.49482,0.3649,0.50769,0.56733,0.29265,0.437967143,0.55837,0.5228,0.3851,0.44754,0.48719,0.54404,0.43904,0.48152,0.41596,0.3407985,0.39548,0.44053,0.45657,0.53817,0.52864,0.44529,0.40888,0.41059,0.26414,0.328304694,0.52966,0.39889,0.30097,0.39432,0.48168,0.53548,0.409780833
2,28,0,866,3.78,4,75,0,7.5,0.675,0,0,75.675,0,0.57103,0.38718,0.49947,0.35464,0.51174,0.57975,0.28942,0.418598571,0.55799,0.52548,0.40729,0.45311,0.4767,0.54457,0.42115,0.48452,0.43652,0.344785333,0.38167,0.44157,0.4561,0.53383,0.538,0.44794,0.40804,0.42526,0.28145,0.315210612,0.53274,0.40281,0.30351,0.39578,0.48543,0.54437,0.39803875
4,16,0,482,3.08,0,0,0,0,0,0,0,0,0,0.50486,0.38049,0.4722,0.35262,0.47527,0.5103,0.31009,0.398054286,0.50499,0.47641,0.40077,0.44225,0.46084,0.50471,0.34426,0.41545,0.38968,0.313357333,0.39677,0.3974,0.40128,0.5166,0.45879,0.42749,0.43854,0.36981,0.33959,0.288530816,0.50579,0.33584,0.26015,0.36939,0.4526,0.49755,0.389435
4,20,0,601,3.26,1,15,0,1.5,0.165,0,0,15.165,0,0.51372,0.36896,0.46088,0.35287,0.4697,0.50971,0.32051,0.388525714,0.49967,0.47419,0.37856,0.44342,0.48021,0.50092,0.36256,0.42072,0.38818,0.30639525,0.40422,0.39063,0.39177,0.52079,0.46194,0.43171,0.45408,0.38042,0.3709,0.278124694,0.50161,0.34032,0.2783,0.36799,0.44133,0.50281,0.390745417
4,24,0,727,4.02,2,30,0,3,0.33,0,0,30.33,0,0.51528,0.38266,0.46731,0.35618,0.47687,0.51726,0.32228,0.392585714,0.49263,0.49281,0.38781,0.4376,0.46686,0.49843,0.35066,0.4202,0.37993,0.2999885,0.3998,0.40055,0.41004,0.52029,0.47443,0.42591,0.44779,0.38352,0.36698,0.277826939,0.49927,0.33885,0.31137,0.38675,0.45916,0.49902,0.384140417
4,28,0,853,4,3,45,0,4.5,0.495,0,0,45.495,0,0.53025,0.38978,0.48456,0.35184,0.49149,0.53454,0.31726,0.40584,0.51266,0.5005,0.40867,0.44128,0.47367,0.51364,0.39474,0.42963,0.37422,0.322832417,0.41518,0.41263,0.42417,0.51156,0.47917,0.42611,0.4427,0.41279,0.35776,0.290102653,0.52135,0.3599,0.30272,0.39029,0.46201,0.5142,0.393760417
4,32,0,972,4.938,4,65,0,6.5,0.66,0,0,65.66,0,0.54228,0.40032,0.49134,0.36203,0.49376,0.54192,0.32522,0.42805,0.52874,0.50784,0.41677,0.45522,0.49512,0.52766,0.40522,0.43544,0.3972,0.329435083,0.41005,0.40971,0.42724,0.52856,0.49351,0.43724,0.4615,0.40688,0.33828,0.285663469,0.52643,0.37408,0.30174,0.39777,0.47307,0.52328,0.406912917
5,20,1,601,2.68,0,0,0,0,0,0,0,0,0,0.53801,0.35908,0.48143,0.35831,0.49751,0.52663,0.3582,0.36908,0.52824,0.52996,0.38414,0.46458,0.52445,0.53123,0.37729,0.46361,0.43322,0.325805083,0.41921,0.43413,0.43504,0.56545,0.534,0.4668,0.47205,0.38302,0.37402,0.304792857,0.53051,0.36795,0.33992,0.41089,0.47296,0.52911,0.389182917
5,24,1,727,3.06,1,15,0,1.5,0.165,15,0,15.165,15.165,0.53228,0.35221,0.48291,0.31039,0.49071,0.52663,0.33391,0.378667143,0.51742,0.52191,0.35409,0.47858,0.51087,0.52296,0.37377,0.45158,0.41968,0.3428755,0.4124,0.42426,0.44474,0.55905,0.53043,0.47704,0.4494,0.3765,0.34118,0.286753061,0.52299,0.3627,0.30779,0.4018,0.46693,0.52695,0.3595375
5,28,1,846,3.34,2,30,0,3,0.33,30,0,30.33,30.33,0.54487,0.38092,0.49222,0.34766,0.49485,0.53668,0.34655,0.39357,0.533,0.5345,0.37945,0.46826,0.52139,0.53742,0.38396,0.47136,0.42892,0.33775625,0.42077,0.42176,0.44227,0.5701,0.54099,0.46617,0.46409,0.35463,0.36367,0.302564082,0.52923,0.37934,0.32298,0.42507,0.46458,0.53391,0.380915833
5,32,1,958,3.78,3,70,0,7,0.66,70,0,70.66,70.66,0.53768,0.34851,0.4775,0.33299,0.4964,0.5363,0.33625,0.378871429,0.53472,0.52584,0.36224,0.46599,0.50971,0.5344,0.39441,0.46814,0.42083,0.3465545,0.42497,0.44166,0.44044,0.54926,0.53906,0.47905,0.45891,0.35833,0.34505,0.297414898,0.52473,0.39401,0.33255,0.42781,0.47211,0.52211,0.3752775
5,36,1,1090,4.66,4,85,0,8.5,0.825,85,0,85.825,85.825,0.57185,0.3545,0.49806,0.34,0.49901,0.55723,0.3382,0.39193,0.56232,0.54057,0.37901,0.4737,0.52228,0.55664,0.4283,0.48239,0.41794,0.35991625,0.4203,0.44066,0.46353,0.54923,0.56161,0.46587,0.4573,0.38404,0.34545,0.305636122,0.5384,0.4114,0.32299,0.44555,0.47645,0.554,0.398070833
6,20,0,584,3.12,0,0,0,0,0,0,0,0,0,0.56234,0.37598,0.48048,0.37783,0.50467,0.56124,0.35552,0.423955714,0.56335,0.53225,0.36875,0.43223,0.49128,0.55247,0.42457,0.47022,0.44232,0.3395645,0.44059,0.46083,0.44671,0.53938,0.53104,0.43047,0.48004,0.36225,0.35608,0.319526122,0.52738,0.43494,0.41642,0.42909,0.47754,0.54439,0.41384375
6,24,0,709,3.62,1,15,0,1.5,0.165,0,0,15.165,0,0.57525,0.36702,0.47781,0.36933,0.49978,0.56098,0.33868,0.421381429,0.553,0.52438,0.36045,0.42498,0.49056,0.54562,0.41674,0.46308,0.42204,0.341053083,0.41746,0.46521,0.44641,0.53618,0.52326,0.43383,0.45858,0.37316,0.3345,0.310133061,0.51631,0.4247,0.37712,0.41399,0.46698,0.55787,0.415985833
6,28,0,828,4.22,2,35,0,3.5,0.33,0,0,35.33,0,0.58477,0.38942,0.49311,0.38349,0.53524,0.60142,0.35265,0.438448571,0.58907,0.55748,0.39731,0.45762,0.51361,0.57308,0.475,0.49588,0.43473,0.368527667,0.43936,0.49675,0.4766,0.54047,0.56338,0.45683,0.48898,0.40581,0.36629,0.31629898,0.54982,0.4739,0.3909,0.46007,0.50169,0.56348,0.43698125
6,32,0,940,4.98,3,50,0,5,0.495,0,0,50.495,0,0.56413,0.37704,0.49468,0.3846,0.52197,0.58901,0.33514,0.442098571,0.58544,0.54856,0.38279,0.44868,0.49786,0.5692,0.4627,0.48599,0.41957,0.366372833,0.40946,0.47393,0.47282,0.52689,0.54836,0.45094,0.46318,0.38475,0.32952,0.320348776,0.54138,0.45905,0.35621,0.45156,0.49245,0.53399,0.42545375
6,36,0,1072,5.47,4,65,0,6.5,0.66,0,0,65.66,0,0.57353,0.38935,0.50636,0.38746,0.51504,0.59386,0.34591,0.464074286,0.58204,0.54451,0.38389,0.44713,0.50453,0.56485,0.48803,0.49894,0.42146,0.370521583,0.4102,0.48513,0.4814,0.52522,0.54831,0.44753,0.46783,0.37641,0.32954,0.331087755,0.5335,0.47885,0.37224,0.4704,0.49158,0.5388,0.452630417
7,8,0,261,1.86,0,0,0,0,0,0,0,0,0,0.526,0.35873,0.4507,0.35792,0.44049,0.51473,0.30692,0.388528571,0.54611,0.48629,0.34679,0.39997,0.45655,0.53271,0.38263,0.45163,0.36514,0.325355583,0.38582,0.40403,0.41923,0.4728,0.48894,0.40981,0.41539,0.34081,0.30186,0.284917143,0.45644,0.35118,0.26088,0.35458,0.41162,0.51255,0.38014375
7,12,0,380,2.12,1,15,0,1.5,0.165,0,0,15.165,0,0.54999,0.36736,0.44825,0.35405,0.4586,0.56909,0.30807,0.394177143,0.56241,0.51246,0.34691,0.42096,0.48965,0.55123,0.41379,0.49443,0.38035,0.3348585,0.39077,0.40553,0.43074,0.49494,0.51639,0.42282,0.41937,0.35732,0.30184,0.298311224,0.47036,0.38134,0.28064,0.3786,0.44065,0.53697,0.394359583
7,16,0,499,2.38,2,30,0,3,0.33,0,0,30.33,0,0.55069,0.3486,0.4458,0.35472,0.44928,0.55302,0.31035,0.375854286,0.55546,0.50981,0.34305,0.3962,0.48077,0.54826,0.41988,0.49153,0.37157,0.32962675,0.40378,0.39852,0.41941,0.48904,0.51612,0.41335,0.4291,0.3379,0.31349,0.287621224,0.46568,0.38948,0.26931,0.37333,0.43115,0.53615,0.378700833
7,20,0,625,2.88,3,50,0,5,0.495,0,0,50.495,0,0.55875,0.37296,0.47523,0.36756,0.47514,0.59132,0.31292,0.397082857,0.57284,0.52159,0.38492,0.41676,0.49421,0.5627,0.45912,0.50795,0.3954,0.34097975,0.40917,0.4233,0.45022,0.50401,0.52636,0.42172,0.44187,0.37873,0.32088,0.295769388,0.48872,0.41986,0.29057,0.39911,0.46333,0.54192,0.390745417
7,24,0,758,3.192,4,65,0,6.5,0.66,0,0,65.66,0,0.56509,0.36954,0.47719,0.35302,0.4744,0.57951,0.32662,0.38962,0.57226,0.53727,0.35392,0.40203,0.50038,0.55442,0.45625,0.51253,0.39282,0.33817475,0.42659,0.40755,0.45344,0.51371,0.54203,0.4145,0.46168,0.35475,0.35638,0.287382245,0.49983,0.41231,0.30495,0.41781,0.45261,0.54126,0.375832917
8,8,1,252,1.86,0,0,0,0,0,0,0,0,0,0.50138,0.35924,0.4262,0.33955,0.45044,0.48742,0.30765,0.394224286,0.51613,0.49572,0.37768,0.44417,0.44013,0.51485,0.34691,0.41211,0.38013,0.32583625,0.39532,0.39107,0.40028,0.48567,0.49853,0.43955,0.40285,0.41152,0.28568,0.29470102,0.48992,0.33243,0.31622,0.33734,0.41872,0.4976,0.39915
8,12,1,371,2.1,1,25,0,2.5,0.165,25,0,25.165,25.165,0.52837,0.34435,0.43238,0.33015,0.45737,0.51801,0.30308,0.39369,0.53867,0.5107,0.37553,0.44335,0.45089,0.53709,0.36079,0.42711,0.38017,0.328244083,0.39002,0.39146,0.40561,0.49851,0.5161,0.44307,0.40627,0.39223,0.27288,0.296726327,0.49659,0.34506,0.30936,0.35224,0.4176,0.52444,0.397045
8,16,1,490,2.6,2,50,0,5,0.495,50,0,50.495,50.495,0.54229,0.34839,0.4442,0.32983,0.46868,0.52012,0.3051,0.386601429,0.52549,0.50195,0.3895,0.44672,0.45031,0.52103,0.34874,0.42721,0.39386,0.319873583,0.3906,0.39937,0.41301,0.50648,0.50478,0.442,0.41531,0.39855,0.27082,0.281930612,0.50364,0.36437,0.32278,0.34553,0.43707,0.54201,0.38526125
8,20,1,616,3.28,3,69,0,6.9,0.66,69,0,69.66,69.66,0.54041,0.36687,0.4614,0.3366,0.47917,0.5409,0.3032,0.407628571,0.52183,0.51775,0.38245,0.44683,0.45486,0.52357,0.40057,0.44647,0.38452,0.344137833,0.39098,0.41319,0.43656,0.49774,0.52771,0.44922,0.41586,0.41456,0.28562,0.298933878,0.52245,0.39074,0.31093,0.37148,0.44372,0.53269,0.413288333
8,24,1,750,3.806,4,84,0,8.4,0.825,84,0,84.825,84.825,0.52998,0.36916,0.48362,0.33944,0.48643,0.53919,0.31808,0.413662857,0.52642,0.53427,0.3745,0.43108,0.46081,0.52214,0.38624,0.45346,0.40156,0.326922167,0.41078,0.42571,0.4255,0.50751,0.53746,0.42728,0.43995,0.39533,0.30999,0.30078449,0.52416,0.37354,0.33349,0.39027,0.4706,0.5236,0.40551625
10,6,0,197,1.53,0,0,0,0,0,0,0,0,0,0.48875,0.34005,0.42318,0.33808,0.45181,0.49314,0.31424,0.394885714,0.47358,0.485,0.32531,0.4338,0.46561,0.46809,0.35522,0.43201,0.38479,0.32056975,0.41329,0.41658,0.407,0.47419,0.4931,0.44985,0.42505,0.36771,0.32725,0.305650612,0.48747,0.30986,0.31444,0.38028,0.42495,0.47989,0.393186667
10,10,0,316,2.31,1,15,0,1.5,0.165,0,0,15.165,0,0.52929,0.36023,0.4557,0.35501,0.48345,0.51953,0.30901,0.419892857,0.50349,0.50921,0.35436,0.43996,0.45778,0.49601,0.35716,0.44929,0.40121,0.351753667,0.41868,0.44014,0.43548,0.48774,0.54195,0.45882,0.42747,0.37688,0.28746,0.317317959,0.516,0.32913,0.28518,0.40111,0.45698,0.51627,0.408639167
10,14,0,427,2.648,2,30,0,3,0.33,0,0,30.33,0,0.55076,0.3787,0.47661,0.3805,0.50295,0.55193,0.32177,0.43208,0.52367,0.52614,0.35886,0.45067,0.47138,0.51153,0.39246,0.48046,0.41469,0.372488667,0.43597,0.46626,0.44341,0.49561,0.55485,0.46232,0.45352,0.41418,0.32709,0.322152245,0.53929,0.35237,0.31385,0.42778,0.47646,0.53103,0.423640833
10,18,0,540,3.42,3,45,0,4.5,0.495,0,0,45.495,0,0.5657,0.37201,0.48159,0.37045,0.5015,0.56714,0.32365,0.440781429,0.54458,0.5335,0.34623,0.44765,0.49318,0.52903,0.39159,0.49121,0.43008,0.362094167,0.44082,0.45597,0.44686,0.52737,0.56177,0.46068,0.46024,0.37546,0.31406,0.324291429,0.53761,0.36737,0.30522,0.43402,0.47278,0.54502,0.432249167
10,22,0,652,3.84,4,60,0,6,0.66,0,0,60.66,0,0.56989,0.37595,0.49554,0.37123,0.512,0.5785,0.32108,0.423654286,0.54533,0.54264,0.34945,0.43583,0.47197,0.52879,0.39218,0.49244,0.43843,0.36414,0.45721,0.46451,0.47563,0.52239,0.57954,0.44016,0.45646,0.37322,0.34788,0.319935918,0.55482,0.36089,0.34184,0.44039,0.48447,0.54252,0.414599167
11,16,1,498,2.32,0,0,0,0,0,0,0,0,0,0.54701,0.35671,0.45097,0.34047,0.48527,0.52271,0.28108,0.384427143,0.5479,0.51026,0.37072,0.4207,0.47464,0.54572,0.3494,0.45917,0.37842,0.33521725,0.36577,0.41115,0.42417,0.49598,0.46552,0.41487,0.38707,0.39411,0.23349,0.309552653,0.47539,0.35253,0.23095,0.34637,0.46047,0.53364,0.390547083
11,20,1,616,2.82,1,30,0,3,0.165,30,0,30.165,30.165,0.55632,0.36842,0.48052,0.34047,0.48675,0.53081,0.29215,0.38641,0.55686,0.52066,0.39317,0.43525,0.4801,0.55201,0.36037,0.46711,0.39274,0.32698,0.39192,0.4155,0.4415,0.51162,0.47268,0.42813,0.3976,0.38999,0.26547,0.314738367,0.49735,0.35659,0.23546,0.36595,0.46827,0.54117,0.386679167
11,24,1,721,3.17,2,45,0,4.5,0.33,45,0,45.33,45.33,0.57357,0.35271,0.46426,0.33976,0.47967,0.54591,0.28154,0.380924286,0.56221,0.5229,0.38015,0.41626,0.47944,0.55344,0.36776,0.47162,0.39787,0.342339083,0.36341,0.4107,0.43452,0.50909,0.48252,0.41516,0.39046,0.39049,0.24189,0.309107143,0.50041,0.35749,0.21404,0.37422,0.44908,0.55458,0.392262917
11,28,1,847,3.482,3,60,0,6,0.495,60,0,60.495,60.495,0.57741,0.3585,0.47824,0.3394,0.49531,0.54678,0.29614,0.38841,0.57268,0.52389,0.3844,0.42986,0.4785,0.55869,0.38388,0.47621,0.39943,0.348592,0.40292,0.42786,0.4497,0.51462,0.49345,0.42828,0.41457,0.40584,0.26621,0.312781837,0.50392,0.37324,0.25622,0.39068,0.46505,0.5518,0.390807917
11,32,1,973,4.118,4,75,0,7.5,0.66,75,0,75.66,75.66,0.54036,0.35484,0.47355,0.33188,0.48736,0.54433,0.28739,0.383678571,0.55081,0.51919,0.39573,0.42311,0.46322,0.53954,0.3831,0.47088,0.40012,0.326527917,0.39145,0.42569,0.4442,0.4948,0.49118,0.4025,0.3987,0.39498,0.25964,0.300911837,0.50478,0.38497,0.26244,0.3814,0.47194,0.51803,0.384049583
12,6,1,195,1.494,0,0,0,0,0,0,0,0,0,0.50919,0.37114,0.44264,0.32749,0.44882,0.51657,0.26794,0.373145714,0.49495,0.49637,0.29743,0.4087,0.44555,0.50219,0.30618,0.40774,0.36169,0.289134833,0.34056,0.37082,0.41112,0.47578,0.45159,0.40434,0.37547,0.3308,0.35262,0.295118571,0.47799,0.2809,0.24617,0.33888,0.43283,0.50035,0.37263375
12,10,1,315,2.268,1,15,0,1.5,0.165,15,0,15.165,15.165,0.52329,0.3792,0.45695,0.3655,0.48048,0.53852,0.28289,0.38716,0.51626,0.50806,0.32338,0.40814,0.45472,0.52108,0.32219,0.41999,0.37177,0.3047785,0.36135,0.39814,0.41351,0.49162,0.46856,0.4115,0.37702,0.34024,0.25558,0.29712102,0.49178,0.29152,0.24761,0.33841,0.46634,0.51951,0.391817083
12,14,1,419,2.664,2,35,0,3.5,0.33,35,0,35.33,35.33,0.54264,0.37854,0.48622,0.37285,0.50022,0.54811,0.29561,0.408224286,0.54063,0.52745,0.34038,0.42964,0.46857,0.53909,0.34158,0.43513,0.3966,0.318794417,0.39091,0.41266,0.44128,0.50739,0.49778,0.42692,0.39847,0.35694,0.28373,0.310073469,0.51887,0.31877,0.27479,0.35793,0.486,0.53105,0.407109583
12,18,1,532,3.24,3,50,0,5,0.495,50,0,50.495,50.495,0.54448,0.37678,0.48943,0.37239,0.50379,0.54719,0.30321,0.404585714,0.54196,0.51912,0.3381,0.43292,0.46124,0.54296,0.36409,0.43369,0.4144,0.316132,0.39789,0.42113,0.45282,0.51636,0.50084,0.43153,0.41511,0.37507,0.29597,0.301915306,0.51817,0.3324,0.2832,0.35713,0.49075,0.53287,0.394084167
12,22,1,665,3.68,4,65,0,6.5,0.66,65,0,65.66,65.66,0.54633,0.37433,0.49009,0.36544,0.50491,0.57046,0.30416,0.397384286,0.53812,0.54218,0.34579,0.42076,0.4522,0.53338,0.38252,0.46023,0.42884,0.310319833,0.42056,0.41349,0.44816,0.50169,0.52433,0.42225,0.42291,0.35309,0.33272,0.299712653,0.52439,0.35429,0.30335,0.3817,0.48774,0.5266,0.389803333
13,5,0,148,1.202,0,0,0,0,0,0,0,0,0,0.46597,0.33878,0.38393,0.33849,0.43361,0.43728,0.25772,0.353112857,0.47193,0.44765,0.28721,0.38768,0.37329,0.45218,0.28271,0.35835,0.33441,0.281727167,0.32075,0.37802,0.34284,0.42078,0.42079,0.38376,0.3541,0.30309,0.2599,0.299813673,0.42826,0.28903,0.24372,0.28936,0.40117,0.44909,0.352278333
13,9,0,266,2.12,1,15,1.25,2.75,0,0,0,15,0,0.52965,0.37072,0.44272,0.35569,0.4884,0.48718,0.30536,0.389452857,0.52515,0.49592,0.34925,0.446,0.39094,0.49909,0.3244,0.40292,0.36771,0.311691083,0.36005,0.43108,0.38843,0.46467,0.48694,0.44354,0.39154,0.36639,0.2755,0.307053265,0.49321,0.30992,0.24471,0.32273,0.45252,0.50691,0.3793025
13,13,0,407,2.94,2,30,1.25,4.25,0.165,0,0,30.165,0,0.52717,0.36674,0.45599,0.34804,0.48353,0.5064,0.30163,0.398,0.50904,0.51203,0.32579,0.41985,0.42959,0.49684,0.35065,0.42728,0.37814,0.326133333,0.35462,0.41286,0.40475,0.48666,0.50305,0.42029,0.3991,0.31407,0.25978,0.318241837,0.50743,0.32425,0.24394,0.34476,0.45316,0.50027,0.3807525
13,17,0,505,3.13,3,45,1.25,5.75,0.33,0,0,45.33,0,0.52486,0.34341,0.4596,0.33192,0.49746,0.49345,0.29218,0.371588571,0.53108,0.49883,0.36531,0.42696,0.39529,0.50755,0.34963,0.40975,0.38758,0.30576525,0.35968,0.42291,0.40648,0.47096,0.50553,0.42449,0.39763,0.36346,0.27616,0.298845918,0.50303,0.34093,0.26424,0.33408,0.45984,0.49532,0.360132083
13,21,0,617,3.56,4,60,1.25,7.25,0.495,0,0,60.495,0,0.51971,0.33991,0.44153,0.31417,0.47309,0.47627,0.26881,0.362747143,0.50529,0.47954,0.33406,0.39186,0.36739,0.48264,0.33959,0.39111,0.35175,0.29553375,0.33936,0.40966,0.39521,0.43236,0.48296,0.39245,0.36432,0.31259,0.26805,0.28969102,0.48005,0.3307,0.25895,0.32663,0.44301,0.48405,0.342298333
14,5,1,146,0.994,0,0,0,0,0,0,0,0,0,0.47596,0.3282,0.40543,0.32377,0.42899,0.4516,0.23299,0.347771429,0.48524,0.4211,0.30861,0.37906,0.39847,0.48985,0.33965,0.3963,0.3243,0.290333917,0.34056,0.37301,0.34672,0.42029,0.39704,0.37941,0.34422,0.30018,0.23214,0.295147959,0.42892,0.32487,0.24666,0.28922,0.41051,0.47308,0.34551625
14,9,1,250,1.6,1,10,1.25,2.25,0,10,1.25,10,10,0.51613,0.36847,0.44871,0.35204,0.45324,0.50678,0.27646,0.36828,0.5512,0.48349,0.33637,0.43737,0.41187,0.55317,0.33876,0.41969,0.35718,0.309580917,0.36706,0.39224,0.38334,0.43833,0.43834,0.43403,0.37078,0.36013,0.25283,0.283597347,0.48674,0.31987,0.25136,0.33373,0.42417,0.50998,0.362764167
14,13,1,391,2.32,2,25,1.25,3.75,0.165,25,1.25,25.165,25.165,0.53959,0.35903,0.46045,0.33482,0.46816,0.5107,0.2964,0.372771429,0.55491,0.49675,0.31677,0.41745,0.42683,0.55698,0.34166,0.42651,0.3659,0.31482775,0.38291,0.39043,0.40797,0.4577,0.46712,0.42313,0.39256,0.32778,0.2578,0.287519388,0.51681,0.31536,0.29585,0.36194,0.43839,0.52687,0.354597083
14,17,1,489,2.48,3,40,1.25,5.25,0.33,40,1.25,40.33,40.33,0.53413,0.34636,0.46138,0.31799,0.47887,0.51781,0.26588,0.342258571,0.5388,0.494,0.33385,0.40891,0.41368,0.53886,0.35134,0.43348,0.37312,0.2994825,0.37264,0.40559,0.40457,0.44996,0.47729,0.42208,0.38351,0.32361,0.27373,0.268837143,0.51019,0.32571,0.27441,0.36526,0.44635,0.51826,0.339364583
14,21,1,615,2.78,4,55,1.25,6.75,0.495,55,1.25,55.495,55.495,0.54304,0.3451,0.44892,0.32528,0.45581,0.50046,0.25315,0.359554286,0.53676,0.48715,0.31207,0.39306,0.38683,0.531,0.35278,0.41309,0.3427,0.308497583,0.35366,0.3824,0.39538,0.4246,0.45444,0.38762,0.35828,0.30207,0.24403,0.277748776,0.49335,0.33615,0.24157,0.35783,0.42725,0.52587,0.348707917
16,4,0,118,1.26,0,0,0,0,0,0,0,0,0,0.48807,0.33321,0.39956,0.34211,0.43915,0.47484,0.26073,0.361458571,0.49781,0.45321,0.30479,0.3789,0.4243,0.5054,0.35297,0.42236,0.32216,0.293295833,0.37975,0.39347,0.38714,0.4254,0.4338,0.37418,0.37484,0.30507,0.23188,0.286266939,0.4263,0.3486,0.26031,0.32201,0.41661,0.4951,0.3784175
16,8,0,244,1.876,1,18,1,2.8,0,0,0,18,0,0.53468,0.36666,0.43385,0.35256,0.46048,0.50758,0.27505,0.367327143,0.5478,0.49315,0.32138,0.42178,0.43274,0.54327,0.33377,0.43886,0.34952,0.309832833,0.40665,0.41831,0.41457,0.44324,0.48998,0.42491,0.40753,0.32375,0.22331,0.263001224,0.47646,0.3303,0.2873,0.33113,0.43036,0.52513,0.37410125
16,12,0,349,2.16,2,33,1,4.3,0.165,0,0,33.165,0,0.54735,0.34916,0.45116,0.35275,0.47127,0.5386,0.28193,0.38128,0.54908,0.50206,0.32347,0.41199,0.46021,0.54748,0.39618,0.47722,0.36605,0.307289333,0.40182,0.42854,0.43088,0.46538,0.55688,0.39837,0.41137,0.33383,0.2432,0.286584898,0.48674,0.37316,0.27703,0.36805,0.44392,0.54259,0.393442083
16,16,0,475,2.56,3,48,1,5.8,0.33,0,0,48.33,0,0.55995,0.39312,0.48148,0.39472,0.50442,0.55952,0.33575,0.421497143,0.57612,0.53752,0.39534,0.45956,0.49115,0.56753,0.42632,0.50561,0.3984,0.346940167,0.45914,0.45052,0.47395,0.50378,0.53327,0.44146,0.47758,0.39065,0.29057,0.304217551,0.53822,0.39894,0.30479,0.41113,0.47291,0.54498,0.41899
16,20,0,606,2.98,4,63,1,7.3,0.495,0,0,63.495,0,0.55959,0.38759,0.48451,0.35827,0.48955,0.57384,0.31029,0.408765714,0.54481,0.51548,0.37373,0.41535,0.47664,0.53929,0.45587,0.51479,0.39831,0.329129333,0.44278,0.4411,0.47837,0.48344,0.41917,0.4181,0.46567,0.3668,0.3238,0.283433673,0.52459,0.4362,0.30125,0.41076,0.45375,0.53931,0.403187917
17,3,0,95,0.714,0,0,0,0,0,0,0,0,0,0.46244,0.3279,0.36374,0.28187,0.38731,0.43451,0.2662,0.364284286,0.44957,0.42823,0.25213,0.33173,0.39762,0.44574,0.23877,0.35442,0.31549,0.284318833,0.32709,0.3304,0.35979,0.40292,0.50339,0.35739,0.33951,0.2431,0.28143,0.267363673,0.40354,0.2917,0.27147,0.28121,0.35906,0.46343,0.343702917
17,7,0,228,1.42,1,20,1,3,0,0,0,20,0,0.52299,0.39257,0.45081,0.36686,0.47354,0.48542,0.30666,0.385475714,0.52284,0.48189,0.33976,0.4426,0.44823,0.52213,0.32408,0.39884,0.40144,0.312084667,0.38626,0.42859,0.42482,0.49281,0.50305,0.44562,0.41252,0.34557,0.31675,0.277176735,0.49373,0.33005,0.30486,0.32618,0.43046,0.51028,0.379173333
17,11,0,326,2,2,35,1,4.5,0.165,0,0,35.165,0,0.51509,0.38219,0.44677,0.34696,0.47394,0.49413,0.30942,0.376775714,0.51297,0.48811,0.33663,0.43653,0.45806,0.50217,0.34993,0.41375,0.40721,0.295127833,0.38259,0.43305,0.42511,0.48345,0.52568,0.43797,0.4133,0.32752,0.33858,0.273046531,0.49051,0.34327,0.32076,0.33864,0.43968,0.50761,0.36355625
17,15,0,445,2.46,3,50,1,6,0.33,0,0,50.33,0,0.53647,0.38372,0.46147,0.34838,0.49246,0.51424,0.31898,0.378231429,0.52734,0.49822,0.31874,0.41241,0.43613,0.49926,0.35883,0.41074,0.40907,0.318849333,0.39993,0.44267,0.44195,0.50207,0.51185,0.40457,0.43509,0.33231,0.35388,0.276541633,0.51468,0.36095,0.32115,0.35737,0.45785,0.50969,0.371740417
17,19,0,578,3,4,65,1,7.5,0.495,0,0,65.495,0,0.53821,0.38493,0.46618,0.34434,0.48079,0.52257,0.31289,0.398892857,0.51524,0.49615,0.32375,0.40235,0.44359,0.49416,0.40181,0.43779,0.3981,0.328320333,0.37859,0.42327,0.44766,0.48119,0.40469,0.40767,0.42856,0.31976,0.36197,0.268632041,0.50879,0.39352,0.30742,0.38092,0.44772,0.5025,0.372159167
18,3,1,103,1.008,0,0,0,0,0,0,0,0,0,0.43916,0.31323,0.36545,0.30266,0.3956,0.43904,0.26135,0.344812857,0.44575,0.4477,0.2735,0.36829,0.40202,0.44062,0.31484,0.3867,0.3269,0.2775325,0.34315,0.34732,0.33501,0.42209,0.4153,0.37421,0.35622,0.28567,0.24854,0.264264898,0.41315,0.30315,0.23903,0.29599,0.36395,0.42334,0.346769583
18,7,1,229,1.52,1,20,1,3,0,20,1,20,20,0.4732,0.32933,0.40914,0.32323,0.44122,0.46172,0.26564,0.318311429,0.4757,0.45771,0.33288,0.41457,0.38556,0.4659,0.30104,0.38662,0.34271,0.263073,0.3624,0.40206,0.37574,0.44247,0.46299,0.40623,0.36182,0.34614,0.25722,0.242253469,0.43379,0.28813,0.24686,0.27965,0.41882,0.45667,0.321334167
18,11,1,313,2.04,2,35,1,4.5,0.165,35,1,35.165,35.165,0.48842,0.3502,0.43664,0.33257,0.45194,0.48674,0.30357,0.367107143,0.48929,0.49429,0.34031,0.43556,0.43518,0.4832,0.33078,0.42214,0.36098,0.284714583,0.38785,0.4019,0.39117,0.47841,0.4846,0.42076,0.4024,0.35444,0.27757,0.284131429,0.47937,0.30999,0.26272,0.31682,0.42399,0.48098,0.350606667
18,15,1,432,2.34,3,50,1,6,0.33,50,1,50.33,50.33,0.52715,0.35451,0.44831,0.33531,0.46631,0.5208,0.30445,0.375922857,0.52155,0.51215,0.35602,0.43779,0.46389,0.51214,0.3731,0.44554,0.37884,0.318032167,0.40973,0.40889,0.41102,0.49724,0.47797,0.42857,0.42241,0.35881,0.3032,0.283756327,0.49725,0.34529,0.27076,0.33523,0.43461,0.51065,0.372953333
18,19,1,566,3.06,4,65,1,7.5,0.495,65,1,65.495,65.495,0.49983,0.33858,0.43897,0.32763,0.44957,0.49283,0.27973,0.370484286,0.49137,0.49228,0.32589,0.40281,0.4255,0.48005,0.35439,0.42274,0.34996,0.2974405,0.37688,0.3892,0.39631,0.46433,0.42745,0.40696,0.3912,0.33675,0.28455,0.272109592,0.47587,0.31851,0.24827,0.32432,0.4259,0.48092,0.362950417
19,4,1,121,1.11,0,0,0,0,0,0,0,0,0,0.46366,0.31741,0.39717,0.30863,0.42024,0.47419,0.30431,0.3426,0.4704,0.43371,0.3262,0.38422,0.44905,0.48922,0.34837,0.40234,0.3848,0.284651333,0.39043,0.37045,0.37595,0.47402,0.49125,0.39017,0.42433,0.33038,0.30402,0.278722245,0.44227,0.32686,0.28078,0.31548,0.39397,0.4671,0.337900833
19,8,1,254,1.75,1,20,1.5,3.5,0,20,1.5,20,20,0.5269,0.37543,0.44236,0.33858,0.47314,0.53833,0.32084,0.353355714,0.5387,0.50435,0.35677,0.4401,0.4922,0.54968,0.3708,0.46244,0.39569,0.303721417,0.38688,0.39138,0.40328,0.50902,0.51152,0.43771,0.43316,0.37997,0.31692,0.271072449,0.51558,0.34459,0.2997,0.37323,0.44249,0.51981,0.3419175
19,12,1,373,2.3,2,35,1.5,5,0.165,35,1.5,35.165,35.165,0.52697,0.36679,0.45643,0.34311,0.48272,0.53067,0.32556,0.364734286,0.52924,0.50206,0.3675,0.42883,0.49878,0.53788,0.37446,0.44889,0.39528,0.316503417,0.3896,0.4147,0.42252,0.51638,0.47647,0.42109,0.44221,0.39025,0.31652,0.283942449,0.50582,0.35313,0.30014,0.36741,0.4566,0.52397,0.357587083
19,16,1,492,2.7,3,50,1.5,6.5,0.33,50,1.5,50.33,50.33,0.49624,0.33337,0.42669,0.32352,0.46425,0.50761,0.30642,0.329705714,0.51156,0.47254,0.34251,0.39547,0.45856,0.51553,0.37919,0.43255,0.37655,0.29044275,0.38014,0.39203,0.39589,0.47307,0.48705,0.40054,0.43133,0.36154,0.30211,0.26188,0.47725,0.35573,0.29571,0.36799,0.44112,0.48748,0.334175417
19,20,1,597,3.24,4,65,1.5,8,0.495,65,1.5,65.495,65.495,0.51869,0.346,0.44267,0.32189,0.46664,0.53592,0.29983,0.338981429,0.52006,0.47627,0.35686,0.41351,0.47306,0.52886,0.40878,0.46174,0.38205,0.2947045,0.38617,0.39549,0.41428,0.4847,0.42211,0.41124,0.42317,0.37387,0.29304,0.264189796,0.49103,0.38274,0.28691,0.3805,0.43973,0.50873,0.321137917
20,2,0,64,0.89,0,0,0,0,0,0,0,0,0,0.41361,0.29437,0.35226,0.29209,0.37391,0.40282,0.27503,0.337805714,0.41358,0.40735,0.3224,0.35873,0.40149,0.41513,0.32568,0.36757,0.32007,0.270627083,0.30984,0.34059,0.33412,0.40617,0.40896,0.37259,0.37198,0.34658,0.23348,0.264241224,0.39834,0.325,0.26005,0.28404,0.34037,0.40387,0.3255325
20,5,0,170,1.34,1,20,1.5,3.5,0,0,0,20,0,0.41972,0.29971,0.35375,0.30293,0.37653,0.38829,0.24717,0.317297143,0.41503,0.40654,0.31374,0.32605,0.35062,0.40239,0.24124,0.34062,0.30463,0.289855333,0.2777,0.32741,0.32831,0.39957,0.48693,0.3351,0.34536,0.31745,0.24668,0.259170612,0.39714,0.23819,0.23404,0.26601,0.34589,0.3896,0.31754
20,8,0,233,1.618,2,60,2.75,8.75,0,0,0,60,0,0.48642,0.33165,0.39715,0.33112,0.44277,0.4427,0.2994,0.342241429,0.48796,0.46238,0.37105,0.44409,0.40932,0.48387,0.32137,0.39886,0.33835,0.2906895,0.34766,0.39635,0.37808,0.44143,0.49488,0.44142,0.38505,0.40347,0.29941,0.255624082,0.45692,0.3324,0.28359,0.3038,0.40409,0.46892,0.33665125
20,11,0,332,2.238,3,75,2.75,10.25,0.165,0,0,75.165,0,0.48079,0.34183,0.42237,0.33383,0.45027,0.44384,0.30464,0.358122857,0.47229,0.45476,0.38937,0.43504,0.41617,0.47052,0.3428,0.40309,0.34333,0.29891975,0.3436,0.39224,0.39287,0.44676,0.50683,0.43627,0.40158,0.40204,0.29248,0.257129592,0.47486,0.3403,0.28455,0.3128,0.41826,0.46279,0.3390325
20,14,0,423,2.35,4,92.5,2.75,12,0.33,0,0,92.83,0,0.48434,0.34597,0.41063,0.33036,0.44723,0.45204,0.30122,0.367528571,0.48041,0.46537,0.36436,0.41576,0.42779,0.47968,0.34719,0.40665,0.34387,0.314624583,0.35264,0.38872,0.37921,0.45472,0.37806,0.41667,0.39447,0.369,0.31076,0.266325102,0.47145,0.35014,0.27959,0.3191,0.4117,0.46534,0.349665833
21,2,1,74,0.801,0,0,0,0,0,0,0,0,0,0.46121,0.29466,0.34508,0.28801,0.37015,0.43784,0.25649,0.340775714,0.46669,0.42583,0.22667,0.3298,0.4204,0.47199,0.30122,0.37815,0.31828,0.240742667,0.34155,0.31791,0.31027,0.40533,0.44794,0.33732,0.36216,0.23094,0.23603,0.269345306,0.39491,0.3042,0.22518,0.29451,0.34044,0.46935,0.341804583
21,5,1,157,1.186,1,20,1.25,3.25,0,20,1.25,20,20,0.51895,0.33145,0.42337,0.30911,0.4432,0.48152,0.28029,0.357395714,0.51124,0.46087,0.29529,0.39686,0.44625,0.51912,0.37947,0.42806,0.36192,0.295297417,0.37586,0.38718,0.38099,0.44505,0.49213,0.4098,0.38141,0.30015,0.26247,0.277251633,0.46636,0.34718,0.26249,0.32766,0.4071,0.51625,0.345703333
21,8,1,255,1.56,2,40,2.75,6.75,0,40,2.75,40,40,0.53551,0.33498,0.44426,0.32494,0.46889,0.51682,0.29723,0.368268571,0.53476,0.49732,0.28995,0.41273,0.46179,0.53463,0.3786,0.45245,0.36837,0.302005417,0.39301,0.38834,0.39616,0.46403,0.48925,0.40874,0.40467,0.31144,0.27286,0.283001429,0.498,0.35742,0.29491,0.36289,0.42959,0.53103,0.371450417
21,11,1,339,1.91,3,57.5,2.75,8.5,0.165,57.5,2.75,57.665,57.665,0.52031,0.33465,0.45433,0.31765,0.4781,0.50221,0.26714,0.349175714,0.51709,0.47617,0.30671,0.4064,0.42726,0.51954,0.34148,0.42374,0.35123,0.286542917,0.3724,0.40584,0.42376,0.43863,0.50674,0.40296,0.37353,0.30973,0.24627,0.266710816,0.49615,0.31595,0.26084,0.33073,0.44656,0.51407,0.32974625
21,14,1,451,1.9,4,72.5,2.75,10,0.33,72.5,2.75,72.83,72.83,0.52891,0.33055,0.43814,0.31098,0.46883,0.51841,0.27019,0.348628571,0.51648,0.49255,0.30404,0.41012,0.45853,0.52514,0.37637,0.44615,0.33696,0.293737833,0.36033,0.39727,0.40062,0.44414,0.36294,0.40804,0.36574,0.30017,0.24449,0.268389592,0.49032,0.35066,0.26383,0.3568,0.43596,0.52445,0.337019167
22,2,0,57,0.736,0,0,0,0,0,0,0,0,0,0.44439,0.30269,0.3578,0.2954,0.36453,0.47711,0.24983,0.359158571,0.4478,0.40793,0.29768,0.33676,0.38057,0.44768,0.29012,0.39804,0.34153,0.269772917,0.33546,0.32795,0.36088,0.39924,0.40334,0.33133,0.36627,0.26478,0.23882,0.311211224,0.39814,0.27573,0.24487,0.32898,0.34203,0.43416,0.353935833
22,5,0,134,1.28,1,20,1.25,3.25,0,0,0,20,0,0.49211,0.34228,0.40467,0.32147,0.42278,0.52024,0.25548,0.365985714,0.49814,0.44498,0.28759,0.35967,0.4183,0.50069,0.33082,0.44308,0.3641,0.287900667,0.3381,0.38886,0.39398,0.42625,0.44367,0.37237,0.3664,0.28852,0.24453,0.304427143,0.43078,0.31469,0.25493,0.35927,0.3958,0.4813,0.3758175
22,8,0,273,2.08,2,40,2.5,6.5,0,0,0,40,0,0.50042,0.3326,0.43482,0.32176,0.44048,0.52088,0.26527,0.359155714,0.51478,0.4572,0.32962,0.39626,0.41426,0.51484,0.32884,0.43702,0.37397,0.281723917,0.35387,0.40958,0.40997,0.4426,0.44118,0.39278,0.38824,0.34119,0.25641,0.287133265,0.46698,0.29875,0.29191,0.37036,0.41445,0.48613,0.363892917
22,11,0,356,2.12,3,55,2.5,8,0.165,0,0,55.165,0,0.52664,0.34947,0.44194,0.32107,0.44606,0.55927,0.26525,0.36897,0.51762,0.46801,0.32749,0.39702,0.43802,0.51819,0.35158,0.48196,0.36518,0.305460333,0.35147,0.41465,0.4217,0.44972,0.45315,0.39495,0.38612,0.33768,0.25241,0.285404286,0.47321,0.33053,0.28433,0.38737,0.42141,0.50952,0.384650417
22,14,0,434,2.62,4,71.5,2.5,9.65,0.33,0,0,71.83,0,0.5085,0.32397,0.42899,0.31574,0.44543,0.55704,0.25439,0.357755714,0.51956,0.46694,0.34378,0.40358,0.41783,0.5224,0.33213,0.46192,0.35864,0.298718833,0.34426,0.41731,0.40649,0.43726,0.39687,0.39493,0.37004,0.3344,0.24669,0.284693673,0.4636,0.31484,0.27456,0.38386,0.41945,0.50136,0.378877083
23,2,1,54,0.716,0,0,0,0,0,0,0,0,0,0.41457,0.29999,0.34262,0.29796,0.36544,0.42086,0.25903,0.334181429,0.41808,0.41689,0.25528,0.31999,0.39649,0.42704,0.31476,0.36702,0.3321,0.284037,0.31853,0.32366,0.33129,0.42206,0.47347,0.32217,0.35595,0.25638,0.2113,0.293794898,0.3925,0.32723,0.22959,0.31575,0.34305,0.40235,0.335252083
23,5,1,153,1.15,1,20,1.25,3.25,0,20,1.25,20,20,0.44393,0.36925,0.44712,0.35917,0.46064,0.49127,0.29803,0.367347143,0.46939,0.46749,0.33107,0.37267,0.46675,0.48633,0.39101,0.42918,0.37709,0.329396583,0.35996,0.41171,0.40935,0.4757,0.47649,0.3844,0.41465,0.32077,0.2772,0.301427959,0.48044,0.39096,0.2538,0.34798,0.44102,0.43595,0.357235833
23,8,1,236,1.64,2,35,2.75,6.25,0,35,2.75,35,35,0.45076,0.34944,0.42527,0.31894,0.4305,0.48097,0.29422,0.352634286,0.45854,0.47227,0.32873,0.39477,0.43933,0.46418,0.35456,0.41272,0.35317,0.302489917,0.3512,0.38615,0.40742,0.45968,0.48231,0.38892,0.39703,0.31937,0.2911,0.279778163,0.47358,0.35893,0.26187,0.34541,0.40179,0.44618,0.342440417
23,11,1,320,1.85,3,52.5,2.75,8,0.165,52.5,2.75,52.665,52.665,0.47782,0.35354,0.42306,0.33539,0.43952,0.49485,0.29551,0.363747143,0.47196,0.46791,0.29936,0.37288,0.44974,0.47704,0.3771,0.42,0.35327,0.307301417,0.35217,0.39401,0.4075,0.46372,0.49609,0.38392,0.4189,0.30939,0.27255,0.28579,0.47925,0.36454,0.26212,0.35124,0.41636,0.45551,0.35393
23,14,1,432,2.24,4,67.5,2.75,9.5,0.33,67.5,2.75,67.83,67.83,0.50701,0.36842,0.44657,0.35351,0.46164,0.52348,0.3104,0.378354286,0.5072,0.48421,0.32249,0.38653,0.47434,0.51476,0.39404,0.44205,0.38096,0.32189175,0.37489,0.40755,0.42443,0.4931,0.40899,0.39124,0.3429,0.32724,0.2936,0.292960816,0.49198,0.38982,0.27535,0.36761,0.44119,0.48323,0.360107083
25,1,0,27,0.68,0,0,0,0,0,0,0,0,0,0.40456,0.29381,0.33506,0.28175,0.35042,0.42543,0.25528,0.34838,0.41526,0.42611,0.2866,0.34177,0.37187,0.42048,0.26536,0.36512,0.29709,0.274835917,0.3106,0.30017,0.31185,0.36874,0.47453,0.34891,0.42499,0.29385,0.25078,0.28102449,0.38197,0.2842,0.2588,0.30757,0.31123,0.41256,0.33374
25,4,0,117,1.1,1,20,1.5,3.5,0,0,0,20,0,0.49615,0.36535,0.41334,0.3419,0.43279,0.52072,0.30639,0.374294286,0.50161,0.49085,0.34078,0.40619,0.44543,0.50275,0.34141,0.43799,0.36652,0.326757083,0.3854,0.38679,0.37648,0.44824,0.4845,0.40974,0.40047,0.35299,0.29337,0.290897959,0.45335,0.32691,0.2639,0.35226,0.40155,0.48976,0.357165
25,7,0,229,1.58,2,40,2.75,6.75,0,0,0,40,0,0.49594,0.33906,0.40727,0.3222,0.43413,0.50869,0.30057,0.355024286,0.50438,0.48927,0.30702,0.41783,0.4314,0.50089,0.3247,0.42449,0.36266,0.30304275,0.36408,0.38103,0.37587,0.43602,0.46886,0.41386,0.40959,0.31339,0.29966,0.265450816,0.45851,0.31181,0.30724,0.34772,0.39739,0.49057,0.347955
25,10,0,320,2.07,3,55,2.75,8.25,0.165,0,0,55.165,0,0.49611,0.34604,0.40907,0.30504,0.40648,0.51281,0.30742,0.354097143,0.49561,0.48044,0.28916,0.39807,0.45117,0.49679,0.32675,0.43742,0.35604,0.302263167,0.36368,0.35396,0.38621,0.44547,0.49903,0.38959,0.42686,0.2839,0.28979,0.266444286,0.45265,0.31635,0.296,0.35763,0.3739,0.497,0.33399125
25,13,0,397,2.3,4,70,2.75,9.75,0.33,0,0,70.33,0,0.5108,0.34131,0.43195,0.33341,0.44316,0.53358,0.31681,0.355201429,0.52264,0.49293,0.32053,0.41823,0.44717,0.51984,0.35051,0.44671,0.3733,0.313255917,0.38017,0.40091,0.38976,0.45776,0.42391,0.41361,0.40359,0.30487,0.3021,0.271519796,0.47792,0.34138,0.31218,0.36545,0.40914,0.51207,0.357207917
26,3,1,87,1.014,0,0,0,0,0,0,0,0,0,0.45228,0.33304,0.40283,0.31594,0.40392,0.46937,0.29179,0.378708571,0.45653,0.45785,0.298,0.36894,0.42947,0.45099,0.31798,0.4017,0.34719,0.306091083,0.39358,0.37029,0.36759,0.45701,0.47573,0.37781,0.42672,0.32075,0.27224,0.306008367,0.43093,0.3126,0.27911,0.33505,0.38086,0.43921,0.363948333
26,7,1,212,1.554,1,20,1.25,3.25,0,20,1.25,20,20,0.50103,0.36524,0.45326,0.34931,0.45419,0.50671,0.31979,0.397312857,0.50815,0.50489,0.31653,0.41158,0.47257,0.50405,0.33293,0.44476,0.38829,0.31662325,0.40243,0.39534,0.40275,0.48825,0.48034,0.41364,0.40051,0.33086,0.32316,0.320953673,0.48034,0.33184,0.32707,0.37625,0.43067,0.48868,0.38512
26,11,1,333,2.18,2,38,1.25,5.05,0.165,38,1.25,38.165,38.165,0.49403,0.35849,0.45447,0.32691,0.45692,0.49958,0.2978,0.38517,0.4821,0.49421,0.32687,0.37232,0.41299,0.46736,0.32344,0.4146,0.35148,0.330487667,0.38999,0.40377,0.41406,0.44985,0.4885,0.37731,0.43816,0.34321,0.32151,0.303400612,0.49005,0.32531,0.29564,0.36277,0.43373,0.46442,0.379830417
26,15,1,450,2.8,3,53,1.25,6.55,0.33,53,1.25,53.33,53.33,0.51378,0.3419,0.45698,0.3313,0.46924,0.50541,0.31532,0.374634286,0.51134,0.50119,0.33011,0.39592,0.46348,0.50248,0.3543,0.43518,0.3807,0.293781,0.41766,0.41204,0.41258,0.48902,0.48368,0.40243,0.41634,0.35512,0.33222,0.295839184,0.48864,0.33708,0.33251,0.37372,0.45824,0.49525,0.35806875
26,19,1,590,3.11,4,68,1.25,8.05,0.495,68,1.25,68.495,68.495,0.50444,0.35417,0.45323,0.33237,0.45931,0.5068,0.29621,0.374982857,0.49749,0.49207,0.32049,0.38071,0.42918,0.48761,0.3314,0.41223,0.36752,0.31954925,0.4045,0.41093,0.41985,0.47183,0.40873,0.38799,0.36764,0.33725,0.32138,0.294020816,0.48609,0.33309,0.31282,0.35188,0.44296,0.49031,0.370788333
27,3,0,97,0.864,0,0,0,0,0,0,0,0,0,0.46532,0.32001,0.36799,0.29966,0.37389,0.43656,0.25663,0.339757143,0.4535,0.43898,0.28509,0.3553,0.39187,0.46346,0.31458,0.38546,0.35209,0.289066917,0.34938,0.3293,0.33707,0.41566,0.45457,0.35204,0.39934,0.29891,0.20941,0.280298571,0.42027,0.29435,0.22684,0.275,0.3331,0.45603,0.326766667
27,7,0,217,1.38,1,20,1.25,3.25,0,0,0,20,0,0.49327,0.35508,0.4047,0.35169,0.43302,0.46863,0.27385,0.344821429,0.50693,0.48515,0.31439,0.39535,0.40757,0.49847,0.32137,0.42331,0.36182,0.304895167,0.38071,0.37852,0.36947,0.4477,0.45054,0.38851,0.39726,0.3442,0.24176,0.272960816,0.47569,0.28327,0.23199,0.29628,0.38304,0.47641,0.339294167
27,11,0,349,1.96,2,53,1.25,6.55,0.18,0,0,53.18,0,0.47556,0.32478,0.41482,0.31899,0.42041,0.46072,0.2767,0.337665714,0.45264,0.45325,0.28681,0.36772,0.41298,0.45589,0.35086,0.40654,0.35628,0.293622,0.36012,0.3831,0.37766,0.44818,0.47464,0.36981,0.38751,0.3319,0.21593,0.281428776,0.45071,0.30826,0.23361,0.29185,0.3859,0.46581,0.334449583
27,15,0,461,2.17,3,73,3,10.3,0.18,0,0,73.18,0,0.50137,0.34933,0.41609,0.32354,0.43203,0.48798,0.26702,0.358248571,0.5009,0.47771,0.34633,0.41378,0.42285,0.49804,0.35659,0.42736,0.35689,0.311246667,0.34983,0.38719,0.38659,0.45006,0.47946,0.41199,0.38261,0.35449,0.21624,0.293527347,0.4655,0.32154,0.21833,0.31476,0.39393,0.49035,0.35456375
27,19,0,580,2.73,4,88,3,11.8,0.345,0,0,88.345,0,0.4992,0.34268,0.42831,0.32693,0.44485,0.48732,0.26175,0.352737143,0.5008,0.47484,0.32421,0.38737,0.40391,0.49481,0.34762,0.40743,0.36488,0.308900167,0.36105,0.40052,0.39135,0.44517,0.36749,0.37835,0.31558,0.33911,0.21585,0.29116551,0.46817,0.32367,0.23311,0.30611,0.41113,0.48828,0.355388333
28,1,0,29,0.71,0,0,0,0,0,0,0,0,0,0.41197,0.28354,0.34014,0.27029,0.3427,0.4254,0.22919,0.359127143,0.40793,0.39191,0.25919,0.32014,0.32902,0.40529,0.28286,0.35124,0.28374,0.280349583,0.28133,0.30947,0.31613,0.35212,0.4168,0.33363,0.34928,0.26563,0.22942,0.304182449,0.36368,0.26794,0.23229,0.30084,0.32217,0.39449,0.3446325
28,4,0,127,1.235,1,20,1.5,3.5,0,0,0,20,0,0.5069,0.33863,0.41401,0.33355,0.42805,0.51172,0.24766,0.365002857,0.50822,0.44279,0.29625,0.36872,0.38032,0.50475,0.34512,0.42295,0.3114,0.308202083,0.34137,0.3843,0.36072,0.40608,0.43553,0.37882,0.37086,0.31157,0.26412,0.312898571,0.44418,0.31985,0.26525,0.34372,0.40811,0.48089,0.368615
28,7,0,218,1.6,2,38,3,6.8,0,0,0,38,0,0.50892,0.34279,0.41529,0.33725,0.42168,0.53393,0.27782,0.374182857,0.51449,0.46053,0.31035,0.3971,0.39797,0.50679,0.35121,0.44946,0.35552,0.317048083,0.35707,0.38393,0.36636,0.43123,0.44326,0.40193,0.36455,0.32868,0.27772,0.310893673,0.45782,0.34045,0.29065,0.36478,0.39371,0.49076,0.385762083
28,10,0,309,2.115,3,53,3,8.3,0.165,0,0,53.165,0,0.50764,0.34717,0.40541,0.32246,0.41288,0.52952,0.27448,0.365945714,0.50756,0.46566,0.29773,0.40019,0.40315,0.50508,0.33361,0.44486,0.34268,0.311986833,0.3525,0.36137,0.36407,0.43782,0.47215,0.40557,0.38687,0.30838,0.27318,0.299589796,0.44791,0.32442,0.28724,0.36533,0.38483,0.49613,0.370610833
28,13,0,400,2.738,4,68,3,9.8,0.33,0,0,68.33,0,0.4909,0.34027,0.42515,0.31986,0.43717,0.52853,0.2917,0.372897143,0.50496,0.46975,0.32219,0.39506,0.40481,0.49777,0.34881,0.43687,0.34926,0.312096583,0.36521,0.38735,0.3813,0.42922,0.41775,0.40978,0.39411,0.32736,0.29903,0.302652041,0.47054,0.33631,0.30501,0.3824,0.41476,0.47864,0.37561875
29,4,0,122,0.996,0,0,0,0,0,0,0,0,0,0.46661,0.34416,0.40305,0.33058,0.41159,0.4517,0.2921,0.345592857,0.46124,0.43896,0.29817,0.38679,0.42935,0.45729,0.33816,0.39845,0.35778,0.289987167,0.33979,0.34921,0.35313,0.43944,0.44672,0.38399,0.35717,0.29403,0.31501,0.281996735,0.45288,0.32585,0.28495,0.32595,0.38362,0.46263,0.347865833
29,8,0,254,1.74,1,20,1.5,3.5,0,0,0,20,0,0.46493,0.33795,0.41037,0.32592,0.42438,0.46654,0.27481,0.342162857,0.4755,0.4529,0.33243,0.4078,0.40797,0.47135,0.34374,0.40312,0.32843,0.286309417,0.31883,0.37587,0.36315,0.41149,0.46088,0.4088,0.35645,0.34174,0.28868,0.270282653,0.4614,0.3238,0.27103,0.33187,0.38615,0.45322,0.343467917
29,12,0,359,2,2,35,1.5,5,0.165,0,0,35.165,0,0.48348,0.34548,0.41365,0.32202,0.43413,0.47557,0.27095,0.345274286,0.47852,0.4486,0.31033,0.39354,0.40197,0.46815,0.3472,0.4045,0.31955,0.28850025,0.31905,0.37475,0.363,0.4101,0.4812,0.39554,0.36145,0.32707,0.28226,0.262718367,0.46548,0.33155,0.27382,0.33846,0.40359,0.46716,0.340237083
29,16,0,478,2.42,3,50,1.5,6.5,0.33,0,0,50.33,0,0.494,0.33542,0.41868,0.29841,0.44513,0.49101,0.26162,0.332967143,0.49237,0.46158,0.33695,0.41703,0.41503,0.49181,0.35904,0.42316,0.32939,0.290674833,0.32616,0.3749,0.37574,0.42342,0.485,0.42395,0.36693,0.33642,0.29518,0.258642245,0.47943,0.34918,0.27242,0.34805,0.4104,0.4877,0.33087625
29,20,0,611,3,4,65,1.5,8,0.495,0,0,65.495,0,0.46833,0.31632,0.41788,0.31351,0.44991,0.49333,0.27377,0.339164286,0.49234,0.46998,0.32484,0.40435,0.40338,0.48673,0.36392,0.41878,0.34076,0.2936635,0.32407,0.38488,0.37947,0.41672,0.39613,0.41008,0.34835,0.3331,0.29181,0.267883673,0.47915,0.34723,0.28672,0.35954,0.4136,0.45752,0.34978125
30,4,1,116,1.098,0,0,0,0,0,0,0,0,0,0.47089,0.30725,0.40557,0.32768,0.40717,0.44092,0.25932,0.30728,0.462,0.42317,0.30081,0.39244,0.37287,0.46859,0.30128,0.37194,0.33233,0.248760333,0.32502,0.35837,0.37072,0.41032,0.41938,0.39673,0.31672,0.31485,0.2786,0.274570816,0.4392,0.28023,0.24823,0.29311,0.37699,0.46461,0.318570417
30,8,1,250,1.66,1,20,1.5,3.5,0,20,1.5,20,20,0.49303,0.31229,0.45616,0.30788,0.44101,0.45303,0.22454,0.286418571,0.46917,0.41713,0.32183,0.40497,0.31224,0.46652,0.28222,0.3505,0.32824,0.237322833,0.31246,0.41892,0.405,0.38445,0.46164,0.39921,0.36335,0.32358,0.23339,0.235319796,0.47488,0.25865,0.24162,0.27751,0.4061,0.47795,0.282560833
30,12,1,376,2.31,2,35,1.5,5,0.165,35,1.5,35.165,35.165,0.49445,0.32255,0.45438,0.32623,0.46451,0.48678,0.2742,0.338315714,0.48808,0.45342,0.3278,0.40547,0.37648,0.4854,0.34785,0.39685,0.34503,0.257073667,0.35287,0.39535,0.41655,0.4226,0.45335,0.40459,0.32966,0.33718,0.26745,0.269400408,0.49401,0.31149,0.25737,0.32597,0.43145,0.47859,0.315436667
30,16,1,488,2.79,3,50,1.5,6.5,0.33,50,1.5,50.33,50.33,0.48913,0.3231,0.45791,0.29727,0.45611,0.46895,0.24631,0.319197143,0.48529,0.44021,0.29632,0.37642,0.33157,0.47492,0.30312,0.36521,0.32057,0.254307667,0.32181,0.40354,0.41242,0.41106,0.4847,0.38796,0.37907,0.32186,0.2478,0.264917551,0.47677,0.27714,0.2313,0.30497,0.42161,0.4704,0.310745
30,20,1,600,3.18,4,65,1.5,8,0.495,65,1.5,65.495,65.495,0.51279,0.35686,0.48214,0.33081,0.4852,0.50386,0.2821,0.344272857,0.51625,0.46451,0.34297,0.41455,0.37735,0.50601,0.37187,0.40937,0.35066,0.27782125,0.36791,0.41894,0.43617,0.42278,0.41924,0.41036,0.36907,0.36412,0.28068,0.28197898,0.51335,0.34108,0.28681,0.34625,0.45138,0.49471,0.33726625
31,1,0,32,0.614,0,0,0,0,0,0,0,0,0,0.4114,0.29012,0.36613,0.28845,0.39938,0.44148,0.26106,0.359814286,0.42115,0.42649,0.26144,0.34316,0.39475,0.42773,0.31974,0.36339,0.33126,0.299117167,0.32425,0.35671,0.34598,0.42336,0.46161,0.35288,0.39463,0.28601,0.23334,0.310931429,0.39953,0.31993,0.22652,0.31066,0.374,0.40736,0.368079583
31,4,0,122,0.98,1,20,1,3,0,0,0,20,0,0.48619,0.33613,0.42759,0.33117,0.45062,0.49917,0.27097,0.37902,0.49905,0.47546,0.27388,0.37336,0.44835,0.50439,0.36067,0.41942,0.35637,0.334418083,0.349,0.39796,0.39682,0.47197,0.47478,0.39125,0.41776,0.30312,0.27975,0.316936122,0.46026,0.34623,0.28238,0.3461,0.42867,0.48058,0.383002917
31,7,0,222,1.63,2,34,2.5,5.9,0,0,0,34,0,0.48582,0.35654,0.45059,0.34017,0.46143,0.5111,0.29829,0.385632857,0.49591,0.48184,0.30959,0.3897,0.44822,0.49529,0.38817,0.43379,0.36566,0.31900125,0.35781,0.39805,0.41525,0.46084,0.48029,0.39497,0.40284,0.32068,0.29136,0.300526939,0.48729,0.3645,0.28878,0.35474,0.42956,0.46899,0.37244875
31,10,0,297,2.08,3,49,2.5,7.4,0.165,0,0,49.165,0,0.50034,0.34558,0.44097,0.34054,0.46209,0.51216,0.27835,0.385177143,0.49853,0.48326,0.28051,0.39746,0.45842,0.50199,0.37918,0.43002,0.36458,0.324744917,0.34823,0.40141,0.41076,0.48067,0.50118,0.4104,0.41119,0.30087,0.26882,0.294287347,0.47167,0.34981,0.2817,0.34721,0.44097,0.48519,0.386999583
31,13,0,402,2.56,4,64,2.5,8.9,0.33,0,0,64.33,0,0.51165,0.35327,0.48379,0.33631,0.4866,0.52246,0.28385,0.393822857,0.51011,0.49038,0.32485,0.3997,0.4431,0.50783,0.39475,0.43535,0.37233,0.336629167,0.37115,0.42606,0.44524,0.47599,0.33431,0.40421,0.28154,0.3159,0.28141,0.303301429,0.49873,0.36918,0.30711,0.36448,0.46908,0.49287,0.389382917
32,0.5,1,17,0.538,0,0,0,0,0,0,0,0,0,0.31919,0.23897,0.28639,0.22962,0.32348,0.35336,0.2122,0.296037143,0.31294,0.34137,0.2561,0.25641,0.29052,0.30597,0.24275,0.28364,0.23817,0.231576167,0.23563,0.28878,0.27725,0.30265,0.40658,0.25636,0.37918,0.24777,0.18688,0.26881551,0.32857,0.23961,0.19554,0.24784,0.28788,0.30192,0.290482083
32,3,1,102,0.96,1,19,1.5,3.4,0,19,1.5,19,19,0.43789,0.31399,0.36416,0.2988,0.38845,0.44285,0.27244,0.349377143,0.43037,0.42592,0.31674,0.35765,0.39528,0.43354,0.34557,0.37079,0.32661,0.284390667,0.32747,0.32996,0.34829,0.39962,0.45196,0.35108,0.39012,0.29881,0.22097,0.274660408,0.43341,0.33808,0.27482,0.31444,0.35445,0.42292,0.33556
32,6,1,198,1.54,2,39,3,6.9,0,39,3,39,39,0.47546,0.34181,0.40824,0.32414,0.44385,0.48281,0.27249,0.35044,0.47654,0.46074,0.35825,0.40294,0.41848,0.47424,0.35399,0.40509,0.34839,0.306868417,0.34016,0.37932,0.37919,0.43369,0.47176,0.4089,0.40835,0.3509,0.23482,0.271863061,0.47088,0.34967,0.25765,0.34038,0.40563,0.46065,0.349435833
32,9,1,289,2.03,3,54,3,8.4,0.165,54,3,54.165,54.165,0.49025,0.35888,0.42813,0.33403,0.44953,0.50692,0.30512,0.368255714,0.49165,0.48099,0.38846,0.41595,0.43306,0.48921,0.35766,0.41743,0.35596,0.314808083,0.36442,0.3954,0.4049,0.44193,0.47522,0.41304,0.38458,0.3643,0.28399,0.278655306,0.49239,0.37213,0.29156,0.35514,0.4032,0.48504,0.37766125
32,12,1,373,2.34,4,69,3,9.9,0.33,69,3,69.33,69.33,0.50129,0.34568,0.4308,0.32637,0.45672,0.49749,0.28064,0.347431429,0.49668,0.47456,0.3528,0.40155,0.4067,0.49521,0.33677,0.39552,0.35541,0.309175667,0.36856,0.40285,0.40924,0.43643,0.38711,0.40355,0.31265,0.35586,0.25839,0.268730816,0.48643,0.33524,0.27253,0.33678,0.42021,0.48689,0.34912
33,1,1,28,0.7,0,0,0,0,0,0,0,0,0,0.40706,0.283,0.32436,0.28074,0.38445,0.40161,0.23983,0.343215714,0.40357,0.40134,0.26897,0.33265,0.32832,0.39959,0.28696,0.35995,0.27446,0.284609167,0.28183,0.3482,0.31711,0.34848,0.45613,0.34282,0.34556,0.27116,0.22071,0.30928449,0.39485,0.28202,0.21341,0.29466,0.35196,0.38671,0.3373825
33,7,1,204,1.5,1,15,1.5,3,0,15,1.5,15,15,0.46434,0.3149,0.39324,0.30097,0.43979,0.47663,0.26106,0.33702,0.47636,0.45677,0.33987,0.41108,0.38577,0.46852,0.32976,0.42973,0.32649,0.292506917,0.31524,0.37687,0.37764,0.40015,0.45964,0.41584,0.3007,0.32767,0.24397,0.269271837,0.46671,0.32835,0.25912,0.34205,0.39633,0.44403,0.334474583
33,10,1,295,2.098,2,30,1.5,4.5,0.165,30,1.5,30.165,30.165,0.48236,0.32724,0.40545,0.31525,0.44006,0.47178,0.23392,0.35371,0.48906,0.45735,0.30623,0.38277,0.34405,0.47532,0.32229,0.41821,0.2988,0.303396917,0.28528,0.38366,0.38767,0.37211,0.50519,0.38153,0.3556,0.29925,0.23887,0.28206,0.46635,0.31523,0.25115,0.33959,0.40758,0.45313,0.34338375
33,13,1,393,2.48,3,45,1.5,6,0.33,45,1.5,45.33,45.33,0.50458,0.34139,0.43961,0.32501,0.47567,0.49379,0.26799,0.372037143,0.50564,0.48003,0.36341,0.43699,0.37904,0.48966,0.3461,0.44025,0.34785,0.325786583,0.33039,0.41616,0.43131,0.40627,0.37598,0.42707,0.32813,0.34872,0.26178,0.296609388,0.50297,0.34409,0.28393,0.36681,0.44088,0.47842,0.36602875
34,0.5,0,16,0.535,0,0,0,0,0,0,0,0,0,0.39219,0.27705,0.35037,0.27156,0.36148,0.40189,0.24135,0.339424286,0.39386,0.39992,0.27917,0.32154,0.35138,0.39424,0.28147,0.33862,0.28347,0.270477667,0.28504,0.3217,0.32249,0.37817,0.41291,0.32313,0.37452,0.26896,0.21687,0.284318367,0.37198,0.27793,0.20534,0.27432,0.341,0.3871,0.33228
34,3,0,98,0.838,1,19,1.25,3.15,0,0,0,19,0,0.44646,0.31189,0.39485,0.29902,0.40922,0.43819,0.27261,0.337618571,0.46221,0.43568,0.2957,0.3433,0.39767,0.45023,0.34066,0.3819,0.31416,0.284370833,0.32826,0.36628,0.36743,0.41354,0.61753,0.3377,0.48221,0.31195,0.25805,0.267679388,0.4277,0.33002,0.24965,0.29099,0.38187,0.43426,0.327018333
34,9,0,294,1.88,3,54,2.5,7.9,0.165,0,0,54.165,0,0.49416,0.33319,0.43218,0.33275,0.45151,0.48647,0.27623,0.337687143,0.49789,0.47878,0.30816,0.38655,0.39692,0.48639,0.32906,0.40179,0.32829,0.302203583,0.32975,0.41361,0.38639,0.44628,0.49069,0.3864,0.377,0.33573,0.2607,0.265038163,0.45886,0.31647,0.25762,0.31643,0.42904,0.48953,0.340217083
34,12,0,371,2.02,4,69,2.5,9.4,0.33,0,0,69.33,0,0.49806,0.347,0.44784,0.3304,0.46496,0.50602,0.27968,0.365038571,0.50272,0.48903,0.33016,0.3819,0.40165,0.49489,0.36049,0.41933,0.32651,0.309284583,0.33099,0.40849,0.40852,0.44579,0.32711,0.37547,0.31548,0.32897,0.26441,0.261322245,0.48023,0.35394,0.26412,0.33133,0.44525,0.49101,0.351838333
35,0.5,0,13,0.69,0,0,0,0,0,0,0,0,0,0.3594,0.28266,0.30058,0.26659,0.30751,0.37381,0.23357,0.316005714,0.36012,0.37281,0.24505,0.28265,0.33798,0.36889,0.24619,0.31902,0.30473,0.257904,0.28393,0.27114,0.28166,0.36432,0.39775,0.29488,0.37624,0.2453,0.23731,0.247603061,0.345,0.25014,0.23643,0.26169,0.282,0.36747,0.308627083
35,3,0,93,1.126,1,20,1.5,3.5,0,0,0,20,0,0.45648,0.33209,0.37889,0.32061,0.39566,0.45536,0.2795,0.346528571,0.45308,0.44589,0.32733,0.37557,0.41501,0.4614,0.32513,0.39748,0.34444,0.29092225,0.35944,0.37253,0.34004,0.42873,0.42556,0.38254,0.37805,0.32573,0.27075,0.269008163,0.42562,0.33965,0.26961,0.31659,0.37145,0.46,0.346009583
35,6,0,204,1.66,2,40,3,7,0,0,0,40,0,0.48227,0.35288,0.40483,0.33898,0.42151,0.47229,0.28198,0.336732857,0.49353,0.46482,0.35064,0.40287,0.43172,0.49988,0.32158,0.4172,0.35438,0.286256083,0.36168,0.38865,0.36939,0.45196,0.44293,0.40302,0.38383,0.34102,0.27405,0.25346449,0.45499,0.32945,0.2688,0.31889,0.4007,0.48481,0.325468333
35,9,0,281,2.028,3,55,3,8.5,0.165,0,0,55.165,0,0.51852,0.36524,0.43916,0.35546,0.43902,0.49932,0.29228,0.362631429,0.51255,0.47494,0.35626,0.42266,0.44429,0.5234,0.36085,0.43398,0.37784,0.3051965,0.36444,0.41079,0.39988,0.46708,0.44523,0.41754,0.37057,0.36558,0.28468,0.268139796,0.47276,0.36462,0.28267,0.33584,0.41516,0.51678,0.346824167
35,12,0,349,2.487,4,70,3,10,0.33,0,0,70.33,0,0.51098,0.35431,0.42734,0.33654,0.42931,0.49393,0.27534,0.349985714,0.49959,0.48013,0.34235,0.40861,0.4246,0.50782,0.34956,0.42287,0.36331,0.302192583,0.35545,0.39191,0.39758,0.44968,0.33893,0.39648,0.29865,0.32452,0.27975,0.257311633,0.46665,0.35371,0.2586,0.33989,0.40587,0.50837,0.333374583
36,0.5,0,18,0.64,0,0,0,0,0,0,0,0,0,0.37077,0.26633,0.32353,0.25733,0.32482,0.37838,0.2205,0.287494286,0.3702,0.35354,0.27294,0.29558,0.32443,0.37063,0.26755,0.32396,0.26145,0.21771175,0.25292,0.29955,0.3299,0.33956,0.42562,0.29137,0.4044,0.26403,0.20951,0.260645306,0.35135,0.2586,0.21156,0.25674,0.30756,0.35788,0.283881667
36,3,0,96,1.004,1,20,1.5,3.5,0,0,0,20,0,0.48216,0.31888,0.40679,0.32977,0.43539,0.48264,0.30092,0.3285,0.47368,0.43538,0.32184,0.36983,0.42137,0.46672,0.34021,0.4129,0.35998,0.245682083,0.35499,0.41266,0.40026,0.43785,0.46446,0.37976,0.40761,0.33638,0.29624,0.284218571,0.45171,0.3491,0.28729,0.32564,0.41822,0.47344,0.31194
36,6,0,201,1.5,2,35,3,6.5,0,0,0,35,0,0.51854,0.33852,0.43026,0.32167,0.45579,0.5056,0.29703,0.328771429,0.50766,0.46155,0.35053,0.41795,0.45434,0.50132,0.34124,0.43389,0.35354,0.260997083,0.35666,0.42306,0.42967,0.47575,0.46506,0.4197,0.38826,0.34735,0.33917,0.273387959,0.4772,0.3477,0.31092,0.34045,0.43037,0.50109,0.31490875
36,9,0,278,2.016,3,50,3,8,0.165,0,0,50.165,0,0.52335,0.32843,0.4615,0.34365,0.47508,0.50456,0.29294,0.320741429,0.51092,0.45722,0.3469,0.41312,0.42658,0.50396,0.35589,0.42831,0.36319,0.2620025,0.34689,0.44659,0.45454,0.44973,0.48716,0.39763,,0.36332,0.2865,0.28254449,0.49553,0.34863,0.28934,0.34414,0.45384,0.50153,0.323535833
36,12,0,346,2.55,4,65,3,9.5,0.33,0,0,65.33,0,0.52069,0.33147,0.46126,0.3349,0.48596,0.52417,0.28864,0.348004286,0.51251,0.47529,0.34981,0.40622,0.43489,0.50187,0.37603,0.44446,0.36057,0.278370417,0.34046,0.43782,0.4563,0.45047,,0.40554,,0.35038,0.29235,0.284501837,0.50258,0.36718,0.28577,0.37094,0.4648,0.49337,0.329415833
